manufacturer_id,name,country,headquarters_city,parent_company,opensanctions_id,sanctions_status,components_supplied,drones_supplied,source_url,notes
telefly-telecommunications-equipment-co-limited-cn,"Telefly Telecommunications Equipment Co., Limited",CN,,,,unknown,3,0,https://war-sanctions.gur.gov.ua/en/components,
fotek-controls-co-ltd-tw,"FOTEK CONTROLS CO., LTD",TW,,,,unknown,1,0,https://war-sanctions.gur.gov.ua/en/components,
scyton-technology-cn,SCYTON Technology,CN,,,,unknown,1,0,https://war-sanctions.gur.gov.ua/en/components,
xingkay-tech-cn,Xingkay Tech,CN,,,,unknown,4,0,https://war-sanctions.gur.gov.ua/en/components,
nanjing-kaida-optoelectronics-technology-co-ltd-cn,"Nanjing Kaida Optoelectronics Technology Co., Ltd",CN,,,,unknown,1,0,https://war-sanctions.gur.gov.ua/en/components,
maxim-integrated-products-analog-devices-us,Maxim Integrated Products (Analog Devices),US,,,,unknown,254,0,https://war-sanctions.gur.gov.ua/en/components,
micron-technology-us,Micron Technology,US,,,,unknown,81,0,https://war-sanctions.gur.gov.ua/en/components,
texas-instruments-us,Texas Instruments,US,,,,unknown,2044,0,https://war-sanctions.gur.gov.ua/en/components,
hunan-silicon-internet-of-things-technology-co-ltd-cn,"Hunan Silicon Internet of Things Technology Co., Ltd",CN,,,,unknown,5,0,https://war-sanctions.gur.gov.ua/en/components,
unicore-communications-inc-cn,"Unicore Communications, Inc.",CN,,,,unknown,4,0,https://war-sanctions.gur.gov.ua/en/components,
on-semiconductor-onsemi-us,ON Semiconductor (ONSEMI),US,,,,unknown,92,0,https://war-sanctions.gur.gov.ua/en/components,
littelfuse-inc-us,"Littelfuse, Inc.",US,,,,unknown,12,0,https://war-sanctions.gur.gov.ua/en/components,
hunan-aihua-group-cn,Hunan Aihua Group,CN,,,,unknown,1,0,https://war-sanctions.gur.gov.ua/en/components,
alpha-and-omega-semiconductor-us,Alpha and Omega Semiconductor,US,,,,unknown,3,0,https://war-sanctions.gur.gov.ua/en/components,
adesto-technologies-dialog-semiconductor-renesas-electronics-us,Adesto Technologies (Dialog Semiconductor - Renesas Electronics),US,,,,unknown,12,0,https://war-sanctions.gur.gov.ua/en/components,
stmicroelectronics-ch,STMicroelectronics,CH,,,,unknown,268,0,https://war-sanctions.gur.gov.ua/en/components,
toshiba-jp,Toshiba,JP,,,,unknown,20,0,https://war-sanctions.gur.gov.ua/en/components,
future-technology-devices-international-ltd-unk,Future Technology Devices International Ltd,UNK,,,,unknown,5,0,https://war-sanctions.gur.gov.ua/en/components,
raspberry-pi-ltd-unk,Raspberry Pi Ltd,UNK,,,,unknown,6,0,https://war-sanctions.gur.gov.ua/en/components,
analog-devices-us,Analog Devices,US,,,,unknown,707,0,https://war-sanctions.gur.gov.ua/en/components,
mornsun-guangzhou-science-technology-co-ltd-cn,"MORNSUN Guangzhou Science & Technology Co., Ltd.",CN,,,,unknown,29,0,https://war-sanctions.gur.gov.ua/en/components,
ningbo-connfly-electronic-co-ltd-cn,"Ningbo Connfly Electronic Co., Ltd.",CN,,,,unknown,6,0,https://war-sanctions.gur.gov.ua/en/components,
capxon-international-electronic-co-ltd-cn,"CapXon International Electronic Co., Ltd.",CN,,,,unknown,4,0,https://war-sanctions.gur.gov.ua/en/components,
beijing-sensirt-sensor-technology-co-ltd-cn,"Beijing Sensirt Sensor Technology Co., Ltd.",CN,,,,unknown,1,0,https://war-sanctions.gur.gov.ua/en/components,
vishay-intertechnology-inc-us,"Vishay Intertechnology, Inc.",US,,,,unknown,90,0,https://war-sanctions.gur.gov.ua/en/components,
kefa-electronics-cn,KEFA ELECTRONICS,CN,,,,unknown,1,0,https://war-sanctions.gur.gov.ua/en/components,
infineon-technologies-de,Infineon Technologies,DE,,,,unknown,63,0,https://war-sanctions.gur.gov.ua/en/components,
nichicon-corporation-jp,Nichicon Corporation,JP,,,,unknown,8,0,https://war-sanctions.gur.gov.ua/en/components,
national-semiconductor-texas-instruments-us,National Semiconductor (Texas Instruments),US,,,,unknown,76,0,https://war-sanctions.gur.gov.ua/en/components,
nanjing-qinheng-microelectronics-co-ltd-winchiphead-wch-cn,"Nanjing Qinheng Microelectronics Co., Ltd. (WinChipHead, WCH)",CN,,,,unknown,6,0,https://war-sanctions.gur.gov.ua/en/components,
cts-corporation-us,CTS Corporation,US,,,,unknown,355,0,https://war-sanctions.gur.gov.ua/en/components,
scorpion-power-system-cn,Scorpion Power System,CN,,,,unknown,4,0,https://war-sanctions.gur.gov.ua/en/components,
changzhou-amass-electronics-co-ltd-cn,"Changzhou AMASS Electronics Co., Ltd",CN,,,,unknown,1,0,https://war-sanctions.gur.gov.ua/en/components,
holybro-cn,Holybro,CN,,,,unknown,1,0,https://war-sanctions.gur.gov.ua/en/components,
shenzhen-ai-thinker-technology-co-ltd-cn,"Shenzhen Ai-Thinker Technology Co., Ltd.",CN,,,,unknown,1,0,https://war-sanctions.gur.gov.ua/en/components,
nanjing-magewell-electronics-co-ltd-cn,"Nanjing Magewell Electronics Co., Ltd.",CN,,,,unknown,1,0,https://war-sanctions.gur.gov.ua/en/components,
jb-capacitors-cn,JB Capacitors,CN,,,,unknown,4,0,https://war-sanctions.gur.gov.ua/en/components,
nvidia-us,Nvidia,US,,,,unknown,6,0,https://war-sanctions.gur.gov.ua/en/components,
monolithic-power-systems-us,Monolithic Power Systems,US,,,,unknown,19,0,https://war-sanctions.gur.gov.ua/en/components,
advanced-monolithic-systems-inc-us,Advanced Monolithic Systems Inc.,US,,,,unknown,3,0,https://war-sanctions.gur.gov.ua/en/components,
pulse-electronics-corporation-us,Pulse Electronics Corporation,US,,,,unknown,52,0,https://war-sanctions.gur.gov.ua/en/components,
wiznet-kr,WIZnet,KR,,,,unknown,2,0,https://war-sanctions.gur.gov.ua/en/components,
altera-corporation-intel-us,Altera Corporation (Intel),US,,,,unknown,150,0,https://war-sanctions.gur.gov.ua/en/components,
winbond-electronics-corporation-tw,Winbond Electronics Corporation,TW,,,,unknown,28,0,https://war-sanctions.gur.gov.ua/en/components,
elekond-jsc-ru,ELEKOND JSC,RU,,,,unknown,2,0,https://war-sanctions.gur.gov.ua/en/components,
international-rectifier-infineon-technologies-us,International Rectifier (Infineon Technologies),US,,,,unknown,78,0,https://war-sanctions.gur.gov.ua/en/components,
shanghai-xinlong-semiconductor-technology-co-ltd-cn,"Shanghai Xinlong Semiconductor Technology Co., Ltd",CN,,,,unknown,3,0,https://war-sanctions.gur.gov.ua/en/components,
shenzhen-codaca-electronic-co-ltd-cn,"Shenzhen Codaca Electronic Co.,Ltd.",CN,,,,unknown,4,0,https://war-sanctions.gur.gov.ua/en/components,
linear-technology-corporation-analog-devices-us,Linear Technology Corporation (Analog Devices),US,,,,unknown,135,0,https://war-sanctions.gur.gov.ua/en/components,
te-connectivity-ie,TE Connectivity,IE,,,,unknown,18,0,https://war-sanctions.gur.gov.ua/en/components,
tdk-corporation-jp,TDK Corporation,JP,,,,unknown,7,0,https://war-sanctions.gur.gov.ua/en/components,
microchip-technology-inc-us,Microchip Technology Inc.,US,,,,unknown,406,0,https://war-sanctions.gur.gov.ua/en/components,
bourns-inc-us,Bourns Inc,US,,,,unknown,9,0,https://war-sanctions.gur.gov.ua/en/components,
cypress-semiconductor-infineon-technologies-us,Cypress Semiconductor (Infineon Technologies),US,,,,unknown,76,0,https://war-sanctions.gur.gov.ua/en/components,
connfly-cn,CONNFLY,CN,,,,unknown,3,0,https://war-sanctions.gur.gov.ua/en/components,
murata-jp,Murata,JP,,,,unknown,42,0,https://war-sanctions.gur.gov.ua/en/components,
renesas-jp,Renesas,JP,,,,unknown,26,0,https://war-sanctions.gur.gov.ua/en/components,
mean-well-unk,Mean Well,UNK,,,,unknown,1,0,https://war-sanctions.gur.gov.ua/en/components,
proton-jsc-ru,PROTON JSC,RU,,,,unknown,1,0,https://war-sanctions.gur.gov.ua/en/components,
nanjing-xianfei-robot-technology-co-ltd-cn,"Nanjing Xianfei Robot Technology Co., Ltd",CN,,,,unknown,1,0,https://war-sanctions.gur.gov.ua/en/components,
shenzhen-zhongxi-security-co-ltd-cn,"Shenzhen Zhongxi Security Co., Ltd.",CN,,,,unknown,1,0,https://war-sanctions.gur.gov.ua/en/components,
sunnysky-zhong-shan-lang-yu-model-co-ltd-cn,SunnySky (Zhong Shan Lang Yu Model Co. Ltd.),CN,,,,unknown,2,0,https://war-sanctions.gur.gov.ua/en/components,
mini-circuits-us,Mini-Circuits,US,,,,unknown,28,0,https://war-sanctions.gur.gov.ua/en/components,
u-blox-ch,U-blox,CH,,,,unknown,54,0,https://war-sanctions.gur.gov.ua/en/components,
xilinx-inc-amd-us,Xilinx Inc. (AMD),US,,,,unknown,170,0,https://war-sanctions.gur.gov.ua/en/components,
all-sensors-amphenol-us,All Sensors (Amphenol),US,,,,unknown,2,0,https://war-sanctions.gur.gov.ua/en/components,
amass-cn,AMASS,CN,,,,unknown,5,0,https://war-sanctions.gur.gov.ua/en/components,
allegro-microsystems-us,Allegro MicroSystems,US,,,,unknown,9,0,https://war-sanctions.gur.gov.ua/en/components,
ic-plus-corp-tw,IC PLUS Corp.,TW,,,,unknown,2,0,https://war-sanctions.gur.gov.ua/en/components,
samsung-electronics-kr,Samsung Electronics,KR,,,,unknown,25,0,https://war-sanctions.gur.gov.ua/en/components,
cuav-technology-co-ltd-cn,"CUAV Technology Co., Ltd.",CN,,,,unknown,11,0,https://war-sanctions.gur.gov.ua/en/components,
peregrine-semiconductor-us,Peregrine Semiconductor,US,,,,unknown,8,0,https://war-sanctions.gur.gov.ua/en/components,
nxp-semiconductors-nl,NXP Semiconductors,NL,,,,unknown,131,0,https://war-sanctions.gur.gov.ua/en/components,
diodes-incorporated-us,Diodes Incorporated,US,,,,unknown,8,0,https://war-sanctions.gur.gov.ua/en/components,
ampleon-nl,Ampleon,NL,,,,unknown,7,0,https://war-sanctions.gur.gov.ua/en/components,
pericom-semiconductor-corporation-us,Pericom Semiconductor Corporation,US,,,,unknown,5,0,https://war-sanctions.gur.gov.ua/en/components,
spansion-cypress-semiconductor-infineon-technologies-us,"Spansion (Cypress Semiconductor, Infineon Technologies)",US,,,,unknown,46,0,https://war-sanctions.gur.gov.ua/en/components,
marvell-technology-group-us,Marvell Technology Group,US,,,,unknown,20,0,https://war-sanctions.gur.gov.ua/en/components,
transcend-tw,Transcend,TW,,,,unknown,9,0,https://war-sanctions.gur.gov.ua/en/components,
triquint-semiconductor-qorvo-us,TriQuint Semiconductor (Qorvo),US,,,,unknown,6,0,https://war-sanctions.gur.gov.ua/en/components,
giantec-semiconductor-cn,Giantec Semiconductor,CN,,,,unknown,1,0,https://war-sanctions.gur.gov.ua/en/components,
wonwoo-engineering-kr,WONWOO Engineering,KR,,,,unknown,1,0,https://war-sanctions.gur.gov.ua/en/components,
thine-electronics-inc-jp,"THine Electronics, Inc.",JP,,,,unknown,4,0,https://war-sanctions.gur.gov.ua/en/components,
ruimeng-technology-cn,Ruimeng Technology,CN,,,,unknown,2,0,https://war-sanctions.gur.gov.ua/en/components,
degson-electronics-cn,Degson Electronics,CN,,,,unknown,1,0,https://war-sanctions.gur.gov.ua/en/components,
maxwell-technologies-us,Maxwell Technologies,US,,,,unknown,4,0,https://war-sanctions.gur.gov.ua/en/components,
bel-fuse-inc-us,Bel Fuse Inc.,US,,,,unknown,4,0,https://war-sanctions.gur.gov.ua/en/components,
semtech-corporation-us,Semtech Corporation,US,,,,unknown,30,0,https://war-sanctions.gur.gov.ua/en/components,
atmel-microchip-technology-us,Atmel (Microchip Technology),US,,,,unknown,108,0,https://war-sanctions.gur.gov.ua/en/components,
nihon-dempa-kogyo-co-ltd-ndk-jp,"Nihon Dempa Kogyo co., Ltd (NDK)",JP,,,,unknown,4,0,https://war-sanctions.gur.gov.ua/en/components,
shenzhen-xunlong-software-co-limited-cn,"Shenzhen Xunlong Software CO., Limited",CN,,,,unknown,2,0,https://war-sanctions.gur.gov.ua/en/components,
amphenol-corporation-us,Amphenol Corporation,US,,,,unknown,15,0,https://war-sanctions.gur.gov.ua/en/components,
zhejiang-renew-electronic-cn,Zhejiang Renew Electronic,CN,,,,unknown,2,0,https://war-sanctions.gur.gov.ua/en/components,
oupiin-enterprise-co-ltd-tw,"Oupiin Enterprise Co., Ltd.",TW,,,,unknown,5,0,https://war-sanctions.gur.gov.ua/en/components,
general-semiconductor-vishay-us,General Semiconductor (Vishay),US,,,,unknown,2,0,https://war-sanctions.gur.gov.ua/en/components,
omron-jp,OMRON,JP,,,,unknown,6,0,https://war-sanctions.gur.gov.ua/en/components,
fairchild-semiconductor-on-semiconductor-us,Fairchild Semiconductor (ON Semiconductor),US,,,,unknown,38,0,https://war-sanctions.gur.gov.ua/en/components,
geehy-semiconductor-cn,Geehy Semiconductor,CN,,,,unknown,1,0,https://war-sanctions.gur.gov.ua/en/components,
hikmicro-cn,HIKMICRO,CN,,,,unknown,1,0,https://war-sanctions.gur.gov.ua/en/components,
hisilicon-technologies-co-ltd-cn,"HiSilicon Technologies Co., Ltd.",CN,,,,unknown,2,0,https://war-sanctions.gur.gov.ua/en/components,
realtek-tw,Realtek,TW,,,,unknown,9,0,https://war-sanctions.gur.gov.ua/en/components,
xi-an-unilc-semiconductors-co-ltd-cn,"Xi'an UnilC Semiconductors Co., Ltd.",CN,,,,unknown,2,0,https://war-sanctions.gur.gov.ua/en/components,
kulon-llc-ru,KULON LLC,RU,,,,unknown,1,0,https://war-sanctions.gur.gov.ua/en/components,
kremnii-el-group-jsc-ru,KREMNII EL GROUP JSC,RU,,,,unknown,1,0,https://war-sanctions.gur.gov.ua/en/components,
npo-fizika-pjsc-ru,NPO FIZIKA PJSC,RU,,,,unknown,1,0,https://war-sanctions.gur.gov.ua/en/components,
plant-iset-ojsc-ru,PLANT ISET OJSC,RU,,,,unknown,1,0,https://war-sanctions.gur.gov.ua/en/components,
pkk-milandr-jsc-ru,PKK MILANDR JSC,RU,,,,unknown,1,0,https://war-sanctions.gur.gov.ua/en/components,
po-strela-jsc-ru,PO STRELA JSC,RU,,,,unknown,1,0,https://war-sanctions.gur.gov.ua/en/components,
integral-ojsc-by,INTEGRAL OJSC,BY,,,,unknown,1,0,https://war-sanctions.gur.gov.ua/en/components,
kb-navis-jsc-ru,KB NAVIS JSC,RU,,,,unknown,1,0,https://war-sanctions.gur.gov.ua/en/components,
integrated-silicon-solution-ingenic-semiconductor-us,Integrated Silicon Solution (Ingenic Semiconductor),US,,,,unknown,29,0,https://war-sanctions.gur.gov.ua/en/components,
dallas-semiconductor-maxim-integrated-analog-devices-us,"Dallas Semiconductor (Maxim Integrated, Analog Devices)",US,,,,unknown,7,0,https://war-sanctions.gur.gov.ua/en/components,
traco-power-ch,Traco Power,CH,,,,unknown,32,0,https://war-sanctions.gur.gov.ua/en/components,
vergiga-semiconductor-cn,Vergiga Semiconductor,CN,,,,unknown,1,0,https://war-sanctions.gur.gov.ua/en/components,
nexperia-nl,Nexperia,NL,,,,unknown,12,0,https://war-sanctions.gur.gov.ua/en/components,
mt-microsystems-co-ltd-cn,"MT Microsystems Co., Ltd.",CN,,,,unknown,3,0,https://war-sanctions.gur.gov.ua/en/components,
axicom-te-connectivity-ch,Axicom (TE Connectivity),CH,,,,unknown,9,0,https://war-sanctions.gur.gov.ua/en/components,
xlsemi-cn,XLSEMI,CN,,,,unknown,9,0,https://war-sanctions.gur.gov.ua/en/components,
sipex-corporation-us,Sipex Corporation,US,,,,unknown,11,0,https://war-sanctions.gur.gov.ua/en/components,
broadcom-corporation-us,Broadcom Corporation,US,,,,unknown,20,0,https://war-sanctions.gur.gov.ua/en/components,
sandisk-corporation-us,SanDisk Corporation,US,,,,unknown,5,0,https://war-sanctions.gur.gov.ua/en/components,
kemet-us,KEMET,US,,,,unknown,16,0,https://war-sanctions.gur.gov.ua/en/components,
sony-jp,SONY,JP,,,,unknown,8,0,https://war-sanctions.gur.gov.ua/en/components,
avx-corporation-us,AVX Corporation,US,,,,unknown,21,0,https://war-sanctions.gur.gov.ua/en/components,
tai-saw-technology-co-ltd-tw,"Tai-Saw Technology Co., Ltd.",TW,,,,unknown,5,0,https://war-sanctions.gur.gov.ua/en/components,
tamagawa-seiki-co-ltd-jp,"TAMAGAWA SEIKI CO., LTD.",JP,,,,unknown,1,0,https://war-sanctions.gur.gov.ua/en/components,
yueli-electronic-cn,Yueli Electronic,CN,,,,unknown,1,0,https://war-sanctions.gur.gov.ua/en/components,
isocom-components-2004-ltd-unk,Isocom Components 2004 Ltd.,UNK,,,,unknown,1,0,https://war-sanctions.gur.gov.ua/en/components,
comnav-technology-ltd-sinognss-cn,ComNav Technology Ltd. (SinoGNSS),CN,,,,unknown,1,0,https://war-sanctions.gur.gov.ua/en/components,
yantel-corporation-cn,Yantel Corporation,CN,,,,unknown,2,0,https://war-sanctions.gur.gov.ua/en/components,
xiamen-hongfa-electroacoustic-co-ltd-cn,"Xiamen Hongfa Electroacoustic Co., Ltd.",CN,,,,unknown,7,0,https://war-sanctions.gur.gov.ua/en/components,
dongguan-chengxing-electronic-co-ltd-cn,"Dongguan Chengxing Electronic Co., Ltd.",CN,,,,unknown,3,0,https://war-sanctions.gur.gov.ua/en/components,
rubycon-corporation-jp,Rubycon Corporation,JP,,,,unknown,8,0,https://war-sanctions.gur.gov.ua/en/components,
sensitron-us,Sensitron,US,,,,unknown,1,0,https://war-sanctions.gur.gov.ua/en/components,
ween-semiconductors-co-ltd-cn,"WeEn Semiconductors Co., Ltd.",CN,,,,unknown,5,0,https://war-sanctions.gur.gov.ua/en/components,
honpho-cn,Honpho,CN,,,,unknown,1,0,https://war-sanctions.gur.gov.ua/en/components,
gxservo-dongguan-gongxun-power-technology-co-ltd-cn,"GXSERVO (Dongguan Gongxun Power Technology Co., Ltd.)",CN,,,,unknown,2,0,https://war-sanctions.gur.gov.ua/en/components,
baoter-xchc-electron-bourns-us,Baoter XCHC Electron / Bourns,US,,,,unknown,1,0,https://war-sanctions.gur.gov.ua/en/components,
hangzhou-zhongke-microelectronics-co-ltd-cn,"Hangzhou Zhongke Microelectronics Co., Ltd.",CN,,,,unknown,4,0,https://war-sanctions.gur.gov.ua/en/components,
espressif-systems-cn,Espressif Systems,CN,,,,unknown,7,0,https://war-sanctions.gur.gov.ua/en/components,
colorfire-colorful-technology-cn,COLORFIRE (Colorful Technology),CN,,,,unknown,1,0,https://war-sanctions.gur.gov.ua/en/components,
apacer-tw,Apacer,TW,,,,unknown,5,0,https://war-sanctions.gur.gov.ua/en/components,
intel-corporation-us,Intel Corporation,US,,,,unknown,47,0,https://war-sanctions.gur.gov.ua/en/components,
spacex-us,SpaceX,US,,,,unknown,1,0,https://war-sanctions.gur.gov.ua/en/components,
mateksys-cn,MATEKSYS,CN,,,,unknown,2,0,https://war-sanctions.gur.gov.ua/en/components,
shenzhen-eong-elektronics-co-ltd-cn,"ShenZhen Eong Elektronics Co., Ltd",CN,,,,unknown,1,0,https://war-sanctions.gur.gov.ua/en/components,
siyi-cn,SIYI,CN,,,,unknown,1,0,https://war-sanctions.gur.gov.ua/en/components,
ningbo-songle-relay-co-ltd-cn,"Ningbo Songle Relay Co., Ltd",CN,,,,unknown,2,0,https://war-sanctions.gur.gov.ua/en/components,
gigadevice-cn,GigaDevice,CN,,,,unknown,16,0,https://war-sanctions.gur.gov.ua/en/components,
mile-haoxiang-technology-co-ltd-dle-cn,"Mile Haoxiang Technology Co., Ltd. (DLE)",CN,,,,unknown,9,0,https://war-sanctions.gur.gov.ua/en/components,
premier-magnetics-us,Premier Magnetics,US,,,,unknown,1,0,https://war-sanctions.gur.gov.ua/en/components,
nve-corporation-us,NVE Corporation,US,,,,unknown,4,0,https://war-sanctions.gur.gov.ua/en/components,
burr-brown-corporation-texas-instruments-us,Burr-Brown Corporation (Texas Instruments),US,,,,unknown,19,0,https://war-sanctions.gur.gov.ua/en/components,
micrel-inc-microchip-technology-inc-us,Micrel Inc. (Microchip Technology Inc.),US,,,,unknown,9,0,https://war-sanctions.gur.gov.ua/en/components,
vicor-corporation-us,Vicor Corporation,US,,,,unknown,7,0,https://war-sanctions.gur.gov.ua/en/components,
macom-technology-solutions-us,MACOM Technology Solutions,US,,,,unknown,10,0,https://war-sanctions.gur.gov.ua/en/components,
philips-nl,Philips,NL,,,,unknown,5,0,https://war-sanctions.gur.gov.ua/en/components,
xuyi-ouge-electronics-co-ltd-cn,"Xuyi OuGe Electronics Co., Ltd.",CN,,,,unknown,2,0,https://war-sanctions.gur.gov.ua/en/components,
binhai-zhirun-electronics-co-ltd-cn,"Binhai Zhirun Electronics co., Ltd",CN,,,,unknown,1,0,https://war-sanctions.gur.gov.ua/en/components,
kexin-cn,Kexin,CN,,,,unknown,3,0,https://war-sanctions.gur.gov.ua/en/components,
zbit-semi-cn,Zbit Semi,CN,,,,unknown,1,0,https://war-sanctions.gur.gov.ua/en/components,
sonix-technology-tw,SONiX Technology,TW,,,,unknown,3,0,https://war-sanctions.gur.gov.ua/en/components,
zhejiang-deli-connectors-co-ltd-cn,"Zhejiang Deli Connectors Co., Ltd.",CN,,,,unknown,2,0,https://war-sanctions.gur.gov.ua/en/components,
vbsemi-electronics-co-ltd-tw,"VBsemi Electronics Co.,Ltd",TW,,,,unknown,9,0,https://war-sanctions.gur.gov.ua/en/components,
ricci-microwave-kr,Ricci Microwave,KR,,,,unknown,3,0,https://war-sanctions.gur.gov.ua/en/components,
golledge-electronics-ltd-unk,Golledge Electronics Ltd.,UNK,,,,unknown,8,0,https://war-sanctions.gur.gov.ua/en/components,
fujitsu-jp,FUJITSU,JP,,,,unknown,10,0,https://war-sanctions.gur.gov.ua/en/components,
amd-us,AMD,US,,,,unknown,35,0,https://war-sanctions.gur.gov.ua/en/components,
integrated-device-technology-renesas-us,Integrated Device Technology (Renesas),US,,,,unknown,46,0,https://war-sanctions.gur.gov.ua/en/components,
bosch-de,Bosch,DE,,,,unknown,7,0,https://war-sanctions.gur.gov.ua/en/components,
egmicro-yijing-microelectronics-co-ltd-cn,"EGmicro - Yijing Microelectronics Co., Ltd",CN,,,,unknown,4,0,https://war-sanctions.gur.gov.ua/en/components,
shenzhen-hi-link-electronic-cn,Shenzhen Hi-Link Electronic,CN,,,,unknown,1,0,https://war-sanctions.gur.gov.ua/en/components,
daier-electron-cn,Daier Electron,CN,,,,unknown,4,0,https://war-sanctions.gur.gov.ua/en/components,
panjit-international-inc-tw,"PANJIT International, Inc",TW,,,,unknown,10,0,https://war-sanctions.gur.gov.ua/en/components,
ricor-il,Ricor,IL,,,,unknown,2,0,https://war-sanctions.gur.gov.ua/en/components,
xenics-unk,Xenics,UNK,,,,unknown,2,0,https://war-sanctions.gur.gov.ua/en/components,
wurth-elektronik-de,Wurth Elektronik,DE,,,,unknown,8,0,https://war-sanctions.gur.gov.ua/en/components,
sk-hynix-kr,SK Hynix,KR,,,,unknown,3,0,https://war-sanctions.gur.gov.ua/en/components,
sinotech-mixic-electronics-co-ltd-cn,"Sinotech Mixic Electronics Co., Ltd.",CN,,,,unknown,1,0,https://war-sanctions.gur.gov.ua/en/components,
hitano-enterprise-corp-tw,Hitano Enterprise Corp.,TW,,,,unknown,4,0,https://war-sanctions.gur.gov.ua/en/components,
taizhou-electronics-co-ltd-tech-public-cn,"Taizhou Electronics Co., Ltd. (Tech Public)",CN,,,,unknown,1,0,https://war-sanctions.gur.gov.ua/en/components,
simcom-wireless-solutions-cn,SIMCom Wireless Solutions,CN,,,,unknown,6,0,https://war-sanctions.gur.gov.ua/en/components,
tokmas-electronics-co-ltd-cn,"Tokmas Electronics Co.,Ltd.",CN,,,,unknown,1,0,https://war-sanctions.gur.gov.ua/en/components,
fibocom-wireless-inc-cn,Fibocom Wireless Inc.,CN,,,,unknown,1,0,https://war-sanctions.gur.gov.ua/en/components,
yxc-shenzhen-yangxing-technology-o-ltd-cn,"YXC (Shenzhen Yangxing Technology Сo., Ltd)",CN,,,,unknown,2,0,https://war-sanctions.gur.gov.ua/en/components,
allystar-technology-shenzhen-co-ltd-cn,"Allystar Technology (Shenzhen) Co., Ltd.",CN,,,,unknown,2,0,https://war-sanctions.gur.gov.ua/en/components,
hobbywing-technology-co-ltd-cn,"Hobbywing Technology Co., Ltd.",CN,,,,unknown,3,0,https://war-sanctions.gur.gov.ua/en/components,
shenzhen-ruichi-electronics-co-ltd-cn,"Shenzhen Ruichi Electronics Co., Ltd.",CN,,,,unknown,1,0,https://war-sanctions.gur.gov.ua/en/components,
kst-digital-technology-cn,KST Digital Technology,CN,,,,unknown,8,0,https://war-sanctions.gur.gov.ua/en/components,
shenzhen-readytosky-technology-co-ltd-cn,"ShenZhen ReadytoSky Technology Co., Ltd",CN,,,,unknown,2,0,https://war-sanctions.gur.gov.ua/en/components,
foxeer-technology-co-ltd-cn,"Foxeer Technology Co., Ltd.",CN,,,,unknown,2,0,https://war-sanctions.gur.gov.ua/en/components,
hubei-jingzhou-mayatech-intelligent-technology-co-ltd-mayatech-cn,"Hubei Jingzhou Mayatech Intelligent Technology Co., Ltd. (Mayatech)",CN,,,,unknown,2,0,https://war-sanctions.gur.gov.ua/en/components,
hrb-power-cn,HRB Power,CN,,,,unknown,2,0,https://war-sanctions.gur.gov.ua/en/components,
mado-ir,MADO,IR,,,,unknown,2,0,https://war-sanctions.gur.gov.ua/en/components,
minmax-tw,Minmax,TW,,,,unknown,3,0,https://war-sanctions.gur.gov.ua/en/components,
axsem-ag-on-semiconductor-ch,Axsem AG (ON Semiconductor),CH,,,,unknown,1,0,https://war-sanctions.gur.gov.ua/en/components,
sigmastar-technology-ltd-cn,Sigmastar Technology Ltd.,CN,,,,unknown,2,0,https://war-sanctions.gur.gov.ua/en/components,
purui-semiconductor-shanghai-co-ltd-cn,"Purui Semiconductor (Shanghai) Co., Ltd.",CN,,,,unknown,1,0,https://war-sanctions.gur.gov.ua/en/components,
unisonic-technologies-tw,Unisonic Technologies,TW,,,,unknown,4,0,https://war-sanctions.gur.gov.ua/en/components,
kingspec-cn,KingSpec,CN,,,,unknown,1,0,https://war-sanctions.gur.gov.ua/en/components,
meskernel-importers-chimevrasia-llc-cn,Meskernel Importers CHIMEVRASIA LLC,CN,,,,unknown,1,0,https://war-sanctions.gur.gov.ua/en/components,
iflight-ipower-importers-chimevrasia-llc-cn,IFlight iPower Importers CHIMEVRASIA LLC,CN,,,,unknown,1,0,https://war-sanctions.gur.gov.ua/en/components,
leetoptech-cn,Leetoptech,CN,,,,unknown,1,0,https://war-sanctions.gur.gov.ua/en/components,
ekbp-cn,EKBP,CN,,,,unknown,1,0,https://war-sanctions.gur.gov.ua/en/components,
shanghai-dualsky-models-co-ltd-cn,"Shanghai Dualsky Models Co., Ltd.",CN,,,,unknown,2,0,https://war-sanctions.gur.gov.ua/en/components,
micoair-cn,MicoAir,CN,,,,unknown,1,0,https://war-sanctions.gur.gov.ua/en/components,
huayi-microelectronics-co-ltd-cn,"Huayi Microelectronics Co., Ltd",CN,,,,unknown,2,0,https://war-sanctions.gur.gov.ua/en/components,
t-motor-cn,T-MOTOR,CN,,,,unknown,1,0,https://war-sanctions.gur.gov.ua/en/components,
link-pp-int-l-technology-cn,LINK-PP INT'L TECHNOLOGY,CN,,,,unknown,1,0,https://war-sanctions.gur.gov.ua/en/components,
shenzhen-hi-link-electronic-foreign-suppliers-shenzhen-hi-link-electronic-co-ltd-cn,"Shenzhen Hi-Link Electronic Foreign suppliers SHENZHEN HI-LINK ELECTRONIC CO., LTD",CN,,,,unknown,1,0,https://war-sanctions.gur.gov.ua/en/components,
meig-smart-technology-foreign-suppliers-wavetel-technology-limited-cn,Meig Smart Technology Foreign suppliers WAVETEL TECHNOLOGY LIMITED,CN,,,,unknown,1,0,https://war-sanctions.gur.gov.ua/en/components,
microdrive-llc-ru,MICRODRIVE LLC,RU,,,,unknown,1,0,https://war-sanctions.gur.gov.ua/en/components,
nvidia-importers-chimevrasia-llc-us,Nvidia Importers CHIMEVRASIA LLC,US,,,,unknown,1,0,https://war-sanctions.gur.gov.ua/en/components,
semtech-electonics-limited-cn,Semtech Electonics Limited,CN,,,,unknown,1,0,https://war-sanctions.gur.gov.ua/en/components,
nanya-technology-corporation-tw,Nanya Technology Corporation,TW,,,,unknown,2,0,https://war-sanctions.gur.gov.ua/en/components,
wayon-electronics-co-ltd-cn,"Wayon Electronics Co.,Ltd",CN,,,,unknown,8,0,https://war-sanctions.gur.gov.ua/en/components,
friendlyelec-cn,FriendlyELEC,CN,,,,unknown,1,0,https://war-sanctions.gur.gov.ua/en/components,
allwinner-technology-co-ltd-cn,"Allwinner Technology Co., Ltd.",CN,,,,unknown,1,0,https://war-sanctions.gur.gov.ua/en/components,
murata-suppliers-jsc-chip-and-dip-jp,Murata Suppliers JSC CHIP AND DIP,JP,,,,unknown,1,0,https://war-sanctions.gur.gov.ua/en/components,
vniir-progress-jsc-involved-companies-pantes-llc-psb-technologies-llc-aviv-group-llc-ru,"VNIIR-PROGRESS JSC Involved companies PANTES LLC, PSB TECHNOLOGIES LLC, AVIV GROUP LLC",RU,,,,unknown,1,0,https://war-sanctions.gur.gov.ua/en/components,
swiwin-importers-llc-iq-components-trek-jsc-foreign-suppliers-align-trading-company-limited-hytera-communications-limited-hadsund-international-technology-limited-cn,"Swiwin Importers LLC IQ COMPONENTS, TREK JSC Foreign suppliers ALIGN TRADING COMPANY LIMITED, HYTERA COMMUNICATIONS LIMITED, HADSUND INTERNATIONAL TECHNOLOGY LIMITED",CN,,,,unknown,1,0,https://war-sanctions.gur.gov.ua/en/components,
ningbo-connfly-electronic-co-ltd-suppliers-jsc-chip-and-dip-cn,"Ningbo Connfly Electronic Co., Ltd. Suppliers JSC CHIP AND DIP",CN,,,,unknown,1,0,https://war-sanctions.gur.gov.ua/en/components,
dynamixel-robotis-importers-tk-mir-llc-kr,Dynamixel (Robotis) Importers TK MIR LLC,KR,,,,unknown,1,0,https://war-sanctions.gur.gov.ua/en/components,
maxim-integrated-products-analog-devices-suppliers-jsc-chip-and-dip-us,Maxim Integrated Products (Analog Devices) Suppliers JSC CHIP AND DIP,US,,,,unknown,1,0,https://war-sanctions.gur.gov.ua/en/components,
silicon-laboratories-us,Silicon Laboratories,US,,,,unknown,16,0,https://war-sanctions.gur.gov.ua/en/components,
invensense-tdk-suppliers-jsc-chip-and-dip-us,InvenSense (TDK) Suppliers JSC CHIP AND DIP,US,,,,unknown,1,0,https://war-sanctions.gur.gov.ua/en/components,
texas-instruments-suppliers-jsc-chip-and-dip-us,Texas Instruments Suppliers JSC CHIP AND DIP,US,,,,unknown,2,0,https://war-sanctions.gur.gov.ua/en/components,
national-semiconductor-texas-instruments-suppliers-jsc-chip-and-dip-us,National Semiconductor (Texas Instruments) Suppliers JSC CHIP AND DIP,US,,,,unknown,1,0,https://war-sanctions.gur.gov.ua/en/components,
ecs-inc-international-suppliers-jsc-chip-and-dip-us,ECS Inc. International Suppliers JSC CHIP AND DIP,US,,,,unknown,1,0,https://war-sanctions.gur.gov.ua/en/components,
toshiba-suppliers-jsc-chip-and-dip-jp,Toshiba Suppliers JSC CHIP AND DIP,JP,,,,unknown,1,0,https://war-sanctions.gur.gov.ua/en/components,
stmicroelectronics-suppliers-jsc-chip-and-dip-ch,STMicroelectronics Suppliers JSC CHIP AND DIP,CH,,,,unknown,2,0,https://war-sanctions.gur.gov.ua/en/components,
maxlinear-inc-suppliers-jsc-chip-and-dip-us,MaxLinear Inc Suppliers JSC CHIP AND DIP,US,,,,unknown,1,0,https://war-sanctions.gur.gov.ua/en/components,
cypress-semiconductor-infineon-technologies-suppliers-jsc-chip-and-dip-us,Cypress Semiconductor (Infineon Technologies) Suppliers JSC CHIP AND DIP,US,,,,unknown,1,0,https://war-sanctions.gur.gov.ua/en/components,
jb-capacitors-suppliers-jsc-chip-and-dip-cn,JB Capacitors Suppliers JSC CHIP AND DIP,CN,,,,unknown,1,0,https://war-sanctions.gur.gov.ua/en/components,
analog-devices-suppliers-jsc-chip-and-dip-us,Analog Devices Suppliers JSC CHIP AND DIP,US,,,,unknown,1,0,https://war-sanctions.gur.gov.ua/en/components,
helishun-suppliers-jsc-chip-and-dip-cn,Helishun Suppliers JSC CHIP AND DIP,CN,,,,unknown,1,0,https://war-sanctions.gur.gov.ua/en/components,
htc-korea-taejin-technology-suppliers-jsc-chip-and-dip-kr,HTC Korea (TAEJIN Technology) Suppliers JSC CHIP AND DIP,KR,,,,unknown,1,0,https://war-sanctions.gur.gov.ua/en/components,
xlsemi-suppliers-jsc-chip-and-dip-cn,XLSEMI Suppliers JSC CHIP AND DIP,CN,,,,unknown,1,0,https://war-sanctions.gur.gov.ua/en/components,
rohm-semiconductor-jp,ROHM Semiconductor,JP,,,,unknown,3,0,https://war-sanctions.gur.gov.ua/en/components,
nec-nippon-electric-company-jp,NEC (Nippon Electric Company),JP,,,,unknown,3,0,https://war-sanctions.gur.gov.ua/en/components,
netsol-new-evolution-of-technology-solution-kr,NETSOL (New Evolution of Technology & SOLution),KR,,,,unknown,1,0,https://war-sanctions.gur.gov.ua/en/components,
macronix-international-tw,Macronix International,TW,,,,unknown,11,0,https://war-sanctions.gur.gov.ua/en/components,
cortina-systems-us,Cortina Systems,US,,,,unknown,2,0,https://war-sanctions.gur.gov.ua/en/components,
by,ОАО Интеграл,BY,,,,unknown,8,0,https://war-sanctions.gur.gov.ua/en/components,
tiger-motor-international-co-ltd-cn,"Tiger Motor International Co.,Ltd",CN,,,,unknown,3,0,https://war-sanctions.gur.gov.ua/en/components,
macro-image-technology-inc-kr,"Macro Image Technology, INC.",KR,,,,unknown,1,0,https://war-sanctions.gur.gov.ua/en/components,
wolfspeed-inc-cree-inc-us,"Wolfspeed, Inc. (Cree, Inc.)",US,,,,unknown,3,0,https://war-sanctions.gur.gov.ua/en/components,
standard-microsystems-corp-smsc-us,Standard Microsystems Corp (SMSC),US,,,,unknown,4,0,https://war-sanctions.gur.gov.ua/en/components,
lattepanda-omp-us,LATTEPANDA Сomp.,US,,,,unknown,3,0,https://war-sanctions.gur.gov.ua/en/components,
avermedia-technologies-tw,AVerMedia Technologies,TW,,,,unknown,2,0,https://war-sanctions.gur.gov.ua/en/components,
tai-shing-electronics-components-corp-tw,Tai-Shing Electronics Components Corp.,TW,,,,unknown,1,0,https://war-sanctions.gur.gov.ua/en/components,
witmotion-shenzhen-co-ltd-cn,"WitMotion Shenzhen Co, Ltd.",CN,,,,unknown,1,0,https://war-sanctions.gur.gov.ua/en/components,
angelwave-cn,AngelWave,CN,,,,unknown,1,0,https://war-sanctions.gur.gov.ua/en/components,
shanghai-chuantu-microelectronics-co-ltd-cn,"Shanghai Chuantu Microelectronics Co., Ltd.",CN,,,,unknown,1,0,https://war-sanctions.gur.gov.ua/en/components,
yangzhou-yangjie-electronic-technology-co-ltd-cn,"Yangzhou Yangjie Electronic Technology Co., Ltd.",CN,,,,unknown,4,0,https://war-sanctions.gur.gov.ua/en/components,
shanghai-belling-corp-ltd-cn,"Shanghai Belling Corp., Ltd.",CN,,,,unknown,1,0,https://war-sanctions.gur.gov.ua/en/components,
beijing-jingyuxing-technology-co-ltd-cn,"Beijing Jingyuxing Technology Co., Ltd.",CN,,,,unknown,3,0,https://war-sanctions.gur.gov.ua/en/components,
aura-semiconductor-co-ltd-in,"Aura Semiconductor Co., Ltd.",IN,,,,unknown,3,0,https://war-sanctions.gur.gov.ua/en/components,
beijing-microelectronics-technology-institute-bmti-cn,Beijing Microelectronics Technology Institute (BMTI),CN,,,,unknown,5,0,https://war-sanctions.gur.gov.ua/en/components,
ixys-us,IXYS,US,,,,unknown,2,0,https://war-sanctions.gur.gov.ua/en/components,
lem-international-sa-ch,LEM International SA,CH,,,,unknown,2,0,https://war-sanctions.gur.gov.ua/en/components,
shenzhen-ruised-technology-co-ltd-cn,"Shenzhen Ruised Technology Co., Ltd.",CN,,,,unknown,2,0,https://war-sanctions.gur.gov.ua/en/components,
siemens-de,Siemens,DE,,,,unknown,2,0,https://war-sanctions.gur.gov.ua/en/components,
shenzhen-eascera-electronics-co-ltd-cn,"Shenzhen Eascera Electronics Co., Ltd.",CN,,,,unknown,1,0,https://war-sanctions.gur.gov.ua/en/components,
sunonwealth-electric-machine-co-sunon-tw,Sunonwealth Electric Machine Co. (SUNON),TW,,,,unknown,2,0,https://war-sanctions.gur.gov.ua/en/components,
shenzhen-jiading-industrial-co-ltd-cn,"Shenzhen Jiading Industrial Co., Ltd.",CN,,,,unknown,1,0,https://war-sanctions.gur.gov.ua/en/components,
honeywell-international-us,Honeywell International,US,,,,unknown,7,0,https://war-sanctions.gur.gov.ua/en/components,
beijing-times-minxin-technology-co-ltd-cn,"Beijing Times Minxin Technology Co., Ltd.",CN,,,,unknown,2,0,https://war-sanctions.gur.gov.ua/en/components,
sichuan-tu-microelectronics-cn,Sichuan Tu Microelectronics,CN,,,,unknown,2,0,https://war-sanctions.gur.gov.ua/en/components,
panwoo-equipment-consulting-co-ltd-cn,"PANWOO Equipment Consulting Co., Ltd.",CN,,,,unknown,1,0,https://war-sanctions.gur.gov.ua/en/components,
holt-integrated-circuits-inc-us,"Holt Integrated Circuits, Inc.",US,,,,unknown,10,0,https://war-sanctions.gur.gov.ua/en/components,
din-tek-jp,Din-Tek,JP,,,,unknown,4,0,https://war-sanctions.gur.gov.ua/en/components,
inphi-corporation-marvell-technology-inc-us,"Inphi Corporation (Marvell Technology, Inc.)",US,,,,unknown,1,0,https://war-sanctions.gur.gov.ua/en/components,
numonyx-micron-technology-ch,Numonyx (Micron Technology),CH,,,,unknown,2,0,https://war-sanctions.gur.gov.ua/en/components,
anaren-inc-ttm-technologies-inc-us,Anaren Inc (TTM Technologies Inc),US,,,,unknown,7,0,https://war-sanctions.gur.gov.ua/en/components,
schaffner-holding-ag-ch,Schaffner Holding AG,CH,,,,unknown,2,0,https://war-sanctions.gur.gov.ua/en/components,
shanghai-magntek-microelectronics-inc-magntek-cn,Shanghai MagnTek Microelectronics Inc. (MagnTek),CN,,,,unknown,1,0,https://war-sanctions.gur.gov.ua/en/components,
synaptics-inc-us,"Synaptics, Inc.",US,,,,unknown,1,0,https://war-sanctions.gur.gov.ua/en/components,
sensirion-ag-ch,Sensirion AG,CH,,,,unknown,1,0,https://war-sanctions.gur.gov.ua/en/components,
techtronic-industries-company-limited-cn,Techtronic Industries Company Limited,CN,,,,unknown,1,0,https://war-sanctions.gur.gov.ua/en/components,
zhuhai-boya-technology-co-ltd-cn,"Zhuhai BOYA Technology Co., Ltd",CN,,,,unknown,1,0,https://war-sanctions.gur.gov.ua/en/components,
caddx-cn,Caddx,CN,,,,unknown,1,0,https://war-sanctions.gur.gov.ua/en/components,
speedybee-cn,SpeedyBee,CN,,,,unknown,1,0,https://war-sanctions.gur.gov.ua/en/components,
skyworks-solutions-inc-us,"Skyworks Solutions, Inc",US,,,,unknown,14,0,https://war-sanctions.gur.gov.ua/en/components,
tian-fu-electronic-technology-co-ltd-cn,Tian Fu Electronic Technology Co. Ltd,CN,,,,unknown,1,0,https://war-sanctions.gur.gov.ua/en/components,
trex-technologies-cn,Trex Technologies,CN,,,,unknown,1,0,https://war-sanctions.gur.gov.ua/en/components,
lihai-electronic-technology-cn,Lihai Electronic Technology,CN,,,,unknown,1,0,https://war-sanctions.gur.gov.ua/en/components,
linko-semiconductor-co-ltd-cn,"Linko Semiconductor Co., Ltd",CN,,,,unknown,1,0,https://war-sanctions.gur.gov.ua/en/components,
tower-pro-pte-ltd-sg,Tower Pro Pte Ltd,SG,,,,unknown,1,0,https://war-sanctions.gur.gov.ua/en/components,
fatjay-cn,FATJAY,CN,,,,unknown,1,0,https://war-sanctions.gur.gov.ua/en/components,
yunnan-olightek-opto-electronic-technology-co-ltd-cn,"Yunnan OLiGHTEK Opto-Electronic Technology Co., Ltd.",CN,,,,unknown,1,0,https://war-sanctions.gur.gov.ua/en/components,
alliance-memory-inc-us,Alliance Memory Inc.,US,,,,unknown,8,0,https://war-sanctions.gur.gov.ua/en/components,
pierburg-de,Pierburg,DE,,,,unknown,3,0,https://war-sanctions.gur.gov.ua/en/components,
sino-ic-microelectronic-co-ltd-cn,"SINO-IC Microelectronic Co., Ltd",CN,,,,unknown,3,0,https://war-sanctions.gur.gov.ua/en/components,
ams-osram-ag-at,Ams-OSRAM AG,AT,,,,unknown,3,0,https://war-sanctions.gur.gov.ua/en/components,
yueqing-daier-electron-co-ltd-cn,"YueQing Daier Electron Co., Ltd",CN,,,,unknown,1,0,https://war-sanctions.gur.gov.ua/en/components,
shenzhen-avionics-technology-co-ltd-cn,"Shenzhen Avionics Technology Co., Ltd",CN,,,,unknown,3,0,https://war-sanctions.gur.gov.ua/en/components,
qorvo-us,Qorvo,US,,,,unknown,16,0,https://war-sanctions.gur.gov.ua/en/components,
rn2-technologies-kr,RN2 Technologies,KR,,,,unknown,4,0,https://war-sanctions.gur.gov.ua/en/components,
shenzhen-longson-century-technology-co-ltd-cn,"Shenzhen LONGSON Century Technology Co.,Ltd.",CN,,,,unknown,1,0,https://war-sanctions.gur.gov.ua/en/components,
xp-power-unk,XP Power,UNK,,,,unknown,7,0,https://war-sanctions.gur.gov.ua/en/components,
topotek-cn,Topotek,CN,,,,unknown,1,0,https://war-sanctions.gur.gov.ua/en/components,
uiy-inc-cn,UIY Inc,CN,,,,unknown,2,0,https://war-sanctions.gur.gov.ua/en/components,
ebyte-cn,EBYTE,CN,,,,unknown,1,0,https://war-sanctions.gur.gov.ua/en/components,
invensense-tdk-us,InvenSense (TDK),US,,,,unknown,2,0,https://war-sanctions.gur.gov.ua/en/components,
jiashan-jinchang-electron-zhejiang-jc-antenna-co-ltd-cn,"Jiashan Jinchang Electron (Zhejiang JC Antenna Co., Ltd)",CN,,,,unknown,1,0,https://war-sanctions.gur.gov.ua/en/components,
castle-creations-us,Castle Creations,US,,,,unknown,1,0,https://war-sanctions.gur.gov.ua/en/components,
anderson-electronics-us,Anderson Electronics,US,,,,unknown,11,0,https://war-sanctions.gur.gov.ua/en/components,
zilog-inc-us,"Zilog, Inc.",US,,,,unknown,5,0,https://war-sanctions.gur.gov.ua/en/components,
ecliptek-corporation-us,Ecliptek Corporation,US,,,,unknown,1,0,https://war-sanctions.gur.gov.ua/en/components,
aptsemi-ir-cn,AptSemi/IR,CN,,,,unknown,1,0,https://war-sanctions.gur.gov.ua/en/components,
savantic-semiconductor-cn,SavantIC Semiconductor,CN,,,,unknown,1,0,https://war-sanctions.gur.gov.ua/en/components,
smc-diode-solutions-cn,SMC Diode Solutions,CN,,,,unknown,2,0,https://war-sanctions.gur.gov.ua/en/components,
bcd-semiconductor-manufacturing-limited-bcd-semi-cn,BCD Semiconductor Manufacturing Limited (BCD Semi),CN,,,,unknown,1,0,https://war-sanctions.gur.gov.ua/en/components,
won-top-electronics-co-ltd-tw,"Won-Top Electronics Co., Ltd.",TW,,,,unknown,1,0,https://war-sanctions.gur.gov.ua/en/components,
thinki-semiconductor-co-ltd-thinkisemi-cn,"Thinki Semiconductor Co., Ltd. (ThinkiSemi)",CN,,,,unknown,1,0,https://war-sanctions.gur.gov.ua/en/components,
taoglas-ie,Taoglas,IE,,,,unknown,7,0,https://war-sanctions.gur.gov.ua/en/components,
jst-us,JST,US,,,,unknown,4,0,https://war-sanctions.gur.gov.ua/en/components,
epcos-ag-de,EPCOS AG,DE,,,,unknown,7,0,https://war-sanctions.gur.gov.ua/en/components,
ttm-technologies-inc-us,"TTM Technologies, Inc.",US,,,,unknown,3,0,https://war-sanctions.gur.gov.ua/en/components,
rf-micro-devices-us,RF Micro Devices,US,,,,unknown,12,0,https://war-sanctions.gur.gov.ua/en/components,
diotec-semiconductor-de,Diotec Semiconductor,DE,,,,unknown,1,0,https://war-sanctions.gur.gov.ua/en/components,
jabiru-aircraft-pty-ltd-unk,Jabiru Aircraft Pty Ltd,UNK,,,,unknown,1,0,https://war-sanctions.gur.gov.ua/en/components,
lattice-semiconductor-corporation-us,Lattice Semiconductor Corporation,US,,,,unknown,2,0,https://war-sanctions.gur.gov.ua/en/components,
greenliant-systems-us,Greenliant Systems,US,,,,unknown,2,0,https://war-sanctions.gur.gov.ua/en/components,
fintek-feature-integration-technology-inc-tw,FINTEK (Feature Integration Technology Inc.),TW,,,,unknown,3,0,https://war-sanctions.gur.gov.ua/en/components,
intersil-corporation-us,Intersil Corporation,US,,,,unknown,2,0,https://war-sanctions.gur.gov.ua/en/components,
oxford-semiconductor-us,Oxford Semiconductor,US,,,,unknown,6,0,https://war-sanctions.gur.gov.ua/en/components,
epson-jp,Epson,JP,,,,unknown,6,0,https://war-sanctions.gur.gov.ua/en/components,
plx-technology-us,PLX Technology,US,,,,unknown,3,0,https://war-sanctions.gur.gov.ua/en/components,
phoenix-technologies-us,Phoenix Technologies,US,,,,unknown,1,0,https://war-sanctions.gur.gov.ua/en/components,
yageo-corporation-tw,Yageo Corporation,TW,,,,unknown,5,0,https://war-sanctions.gur.gov.ua/en/components,
finder-us,FINDER,US,,,,unknown,1,0,https://war-sanctions.gur.gov.ua/en/components,
halo-electronics-inc-us,"HALO Electronics, Inc.",US,,,,unknown,8,0,https://war-sanctions.gur.gov.ua/en/components,
rtd-embedded-technologies-inc-us,"RTD Embedded Technologies, Inc.",US,,,,unknown,1,0,https://war-sanctions.gur.gov.ua/en/components,
denselight-semiconductor-sg,DenseLight Semiconductor,SG,,,,unknown,1,0,https://war-sanctions.gur.gov.ua/en/components,
agilent-technologies-us,Agilent Technologies,US,,,,unknown,1,0,https://war-sanctions.gur.gov.ua/en/components,
jiukai-special-cable-shanghai-co-ltd-cn,"Jiukai Special Cable (Shanghai) Co., Ltd.",CN,,,,unknown,1,0,https://war-sanctions.gur.gov.ua/en/components,
kyocera-avx-us,KYOCERA AVX,US,,,,unknown,53,0,https://war-sanctions.gur.gov.ua/en/components,
china-national-cn,China National,CN,,,,unknown,1,0,https://war-sanctions.gur.gov.ua/en/components,
galaxy-microelectronics-cn,Galaxy Microelectronics,CN,,,,unknown,1,0,https://war-sanctions.gur.gov.ua/en/components,
molicel-tw,MOLICEL,TW,,,,unknown,1,0,https://war-sanctions.gur.gov.ua/en/components,
sumida-corporation-jp,Sumida Corporation,JP,,,,unknown,11,0,https://war-sanctions.gur.gov.ua/en/components,
iqd-frequency-products-unk,IQD Frequency Products,UNK,,,,unknown,1,0,https://war-sanctions.gur.gov.ua/en/components,
laird-connectivity-us,Laird Connectivity,US,,,,unknown,4,0,https://war-sanctions.gur.gov.ua/en/components,
juxun-semiconductor-technology-co-ltd-gainsil-cn,"Juxun Semiconductor Technology Co., Ltd. - Gainsil",CN,,,,unknown,1,0,https://war-sanctions.gur.gov.ua/en/components,
kontron-ag-de,KONTRON AG,DE,,,,unknown,2,0,https://war-sanctions.gur.gov.ua/en/components,
sunplus-technology-co-ltd-tw,"Sunplus Technology Co., Ltd.",TW,,,,unknown,1,0,https://war-sanctions.gur.gov.ua/en/components,
integrated-circuit-systems-us,Integrated Circuit Systems,US,,,,unknown,2,0,https://war-sanctions.gur.gov.ua/en/components,
actel-us,Actel,US,,,,unknown,3,0,https://war-sanctions.gur.gov.ua/en/components,
sanyo-semiconductor-co-ltd-jp,Sanyo Semiconductor Co. Ltd,JP,,,,unknown,4,0,https://war-sanctions.gur.gov.ua/en/components,
sankyo-shoji-h-k-limited-cn,Sankyo Shoji (H.K.) Limited,CN,,,,unknown,1,0,https://war-sanctions.gur.gov.ua/en/components,
cirocomm-tw,Cirocomm,TW,,,,unknown,1,0,https://war-sanctions.gur.gov.ua/en/components,
ua,Радіореле,UA,,,,unknown,3,0,https://war-sanctions.gur.gov.ua/en/components,
unk,Ереванский релейный завод,UNK,,,,unknown,2,0,https://war-sanctions.gur.gov.ua/en/components,
jamecon-tw,Jamecon,TW,,,,unknown,3,0,https://war-sanctions.gur.gov.ua/en/components,
c-i-semiconductors-co-ltd-cn,"C & I Semiconductors co., ltd",CN,,,,unknown,2,0,https://war-sanctions.gur.gov.ua/en/components,
huaban-cn,Huaban,CN,,,,unknown,2,0,https://war-sanctions.gur.gov.ua/en/components,
hitachi-semiconductor-ltd-jp,HITACHI Semiconductor Ltd,JP,,,,unknown,2,0,https://war-sanctions.gur.gov.ua/en/components,
qualcomm-us,Qualcomm,US,,,,unknown,1,0,https://war-sanctions.gur.gov.ua/en/components,
jl-world-corporation-limited-cn,JL World Corporation Limited,CN,,,,unknown,1,0,https://war-sanctions.gur.gov.ua/en/components,
davicom-tw,Davicom,TW,,,,unknown,1,0,https://war-sanctions.gur.gov.ua/en/components,
beijing-unistrong-science-technology-cn,Beijing Unistrong Science & Technology,CN,,,,unknown,5,0,https://war-sanctions.gur.gov.ua/en/components,
smc-corporation-us,SMC Corporation,US,,,,unknown,5,0,https://war-sanctions.gur.gov.ua/en/components,
z-communications-inc-us,Z-Communications Inc.,US,,,,unknown,2,0,https://war-sanctions.gur.gov.ua/en/components,
mcl-electronic-materials-co-ltd-cn,"MCL Electronic Materials Co., Ltd.",CN,,,,unknown,2,0,https://war-sanctions.gur.gov.ua/en/components,
coilcraft-inc-us,Coilcraft Inc.,US,,,,unknown,3,0,https://war-sanctions.gur.gov.ua/en/components,
tt-electronics-semelab-unk,TT electronics Semelab,UNK,,,,unknown,11,0,https://war-sanctions.gur.gov.ua/en/components,
3w-modellmotoren-de,3W Modellmotoren,DE,,,,unknown,2,0,https://war-sanctions.gur.gov.ua/en/components,
baikal-electronics-ru,Baikal Electronics,RU,,,,unknown,2,0,https://war-sanctions.gur.gov.ua/en/components,
apex-microtechnology-us,Apex Microtechnology,US,,,,unknown,3,0,https://war-sanctions.gur.gov.ua/en/components,
dm-p-electronics-tw,DM&P Electronics,TW,,,,unknown,3,0,https://war-sanctions.gur.gov.ua/en/components,
panasonic-jp,Panasonic,JP,,,,unknown,11,0,https://war-sanctions.gur.gov.ua/en/components,
ru,АО Морион,RU,,,,unknown,2,0,https://war-sanctions.gur.gov.ua/en/components,
american-microsemiconductor-us,American Microsemiconductor,US,,,,unknown,1,0,https://war-sanctions.gur.gov.ua/en/components,
tallysman-wireless-inc-calian-group-ltd-ca,Tallysman Wireless Inc. (Calian Group Ltd.),CA,,,,unknown,5,0,https://war-sanctions.gur.gov.ua/en/components,
enpirion-inc-intel-us,Enpirion Inc. (Intel),US,,,,unknown,2,0,https://war-sanctions.gur.gov.ua/en/components,
varta-de,VARTA,DE,,,,unknown,1,0,https://war-sanctions.gur.gov.ua/en/components,
sonikcell-cn,Sonikcell,CN,,,,unknown,1,0,https://war-sanctions.gur.gov.ua/en/components,
zhongkewei-cn,ZHONGKEWEI,CN,,,,unknown,1,0,https://war-sanctions.gur.gov.ua/en/components,
nsk-jp,NSK,JP,,,,unknown,1,0,https://war-sanctions.gur.gov.ua/en/components,
avago-technologies-broadcom-us,AVAGO Technologies (Broadcom),US,,,,unknown,4,0,https://war-sanctions.gur.gov.ua/en/components,
chandler-us,Chandler,US,,,,unknown,1,0,https://war-sanctions.gur.gov.ua/en/components,
etk2-cn,ETK2,CN,,,,unknown,2,0,https://war-sanctions.gur.gov.ua/en/components,
illinois-capacitor-inc-us,"Illinois Capacitor, Inc.",US,,,,unknown,3,0,https://war-sanctions.gur.gov.ua/en/components,
connor-winfield-us,Connor Winfield,US,,,,unknown,1,0,https://war-sanctions.gur.gov.ua/en/components,
directed-electronics-us,Directed Electronics,US,,,,unknown,1,0,https://war-sanctions.gur.gov.ua/en/components,
gaia-fr,Gaia,FR,,,,unknown,1,0,https://war-sanctions.gur.gov.ua/en/components,
motorola-inc-us,"Motorola, Inc",US,,,,unknown,5,0,https://war-sanctions.gur.gov.ua/en/components,
pni-sensor-corporation-us,PNI Sensor Corporation,US,,,,unknown,1,0,https://war-sanctions.gur.gov.ua/en/components,
skoopia-nl,Skoopia,NL,,,,unknown,1,0,https://war-sanctions.gur.gov.ua/en/components,
accumstation-ru,AccumStation,RU,,,,unknown,1,0,https://war-sanctions.gur.gov.ua/en/components,
dyna-logic-kr,Dyna Logic,KR,,,,unknown,2,0,https://war-sanctions.gur.gov.ua/en/components,
kenko-co-ltd-jp,"Kenko Co., Ltd.",JP,,,,unknown,1,0,https://war-sanctions.gur.gov.ua/en/components,
kt-c-co-ltd-kr,KT&C CO LTD,KR,,,,unknown,1,0,https://war-sanctions.gur.gov.ua/en/components,
tti-inc-us,TTi Inc.,US,,,,unknown,2,0,https://war-sanctions.gur.gov.ua/en/components,
wolfspeed-us,Wolfspeed,US,,,,unknown,2,0,https://war-sanctions.gur.gov.ua/en/components,
rsm-electron-power-inc-us,"RSM Electron Power, Inc.",US,,,,unknown,1,0,https://war-sanctions.gur.gov.ua/en/components,
axis-communications-se,Axis Communications,SE,,,,unknown,3,0,https://war-sanctions.gur.gov.ua/en/components,
easy-world-automation-llc-unk,Easy World Automation LLC,UNK,,,,unknown,1,0,https://war-sanctions.gur.gov.ua/en/components,
hitec-group-usa-inc-us,"Hitec Group USA, Inc.",US,,,,unknown,5,0,https://war-sanctions.gur.gov.ua/en/components,
parallax-inc-us,"Parallax, Inc.",US,,,,unknown,1,0,https://war-sanctions.gur.gov.ua/en/components,
freescale-semiconductor-us,Freescale Semiconductor,US,,,,unknown,11,0,https://war-sanctions.gur.gov.ua/en/components,
kaimei-electronic-corp-tw,Kaimei Electronic Corp.,TW,,,,unknown,2,0,https://war-sanctions.gur.gov.ua/en/components,
ansmann-energy-gmbh-de,ANSMANN Energy Gmbh,DE,,,,unknown,1,0,https://war-sanctions.gur.gov.ua/en/components,
mvvs-spol-s-r-o-cz,"MVVS, spol. s r.o.",CZ,,,,unknown,1,0,https://war-sanctions.gur.gov.ua/en/components,
saft-groupe-sas-communications-department-fr,Saft Groupe SAS Communications Department,FR,,,,unknown,1,0,https://war-sanctions.gur.gov.ua/en/components,
sonitron-unk,Sonitron,UNK,,,,unknown,2,0,https://war-sanctions.gur.gov.ua/en/components,
rifa-se,RIFA,SE,,,,unknown,2,0,https://war-sanctions.gur.gov.ua/en/components,
nippon-instruments-corporation-jp,Nippon Instruments Corporation,JP,,,,unknown,2,0,https://war-sanctions.gur.gov.ua/en/components,
harting-de,HARTING,DE,,,,unknown,7,0,https://war-sanctions.gur.gov.ua/en/components,
m-tron-us,M-TRON,US,,,,unknown,2,0,https://war-sanctions.gur.gov.ua/en/components,
gennum-corporation-semtech-corporation-ca,Gennum Corporation (Semtech Corporation),CA,,,,unknown,2,0,https://war-sanctions.gur.gov.ua/en/components,
man-yue-technology-holdings-limited-cn,Man Yue Technology Holdings Limited,CN,,,,unknown,2,0,https://war-sanctions.gur.gov.ua/en/components,
cloukeu-cn,Cloukeu,CN,,,,unknown,1,0,https://war-sanctions.gur.gov.ua/en/components,
glead-electronics-cn,GLEAD Electronics,CN,,,,unknown,2,0,https://war-sanctions.gur.gov.ua/en/components,
runcam-cn,RunCam,CN,,,,unknown,2,0,https://war-sanctions.gur.gov.ua/en/components,
infiray-cn,InfiRay,CN,,,,unknown,1,0,https://war-sanctions.gur.gov.ua/en/components,
system-logic-semiconductor-kr,System Logic Semiconductor,KR,,,,unknown,318,0,https://war-sanctions.gur.gov.ua/en/components,
digi-intrnational-inc-us,Digi Intrnational Inc,US,,,,unknown,2,0,https://war-sanctions.gur.gov.ua/en/components,
indilinx-kr,Indilinx,KR,,,,unknown,1,0,https://war-sanctions.gur.gov.ua/en/components,
jauch-quartz-de,Jauch Quartz,DE,,,,unknown,2,0,https://war-sanctions.gur.gov.ua/en/components,
nvs-technologies-ru,NVS Technologies,RU,,,,unknown,6,0,https://war-sanctions.gur.gov.ua/en/components,
futaba-corporation-jp,Futaba Corporation,JP,,,,unknown,3,0,https://war-sanctions.gur.gov.ua/en/components,
nanchang-sanrui-intelligent-technology-co-ltd-cn,"Nanchang Sanrui Intelligent Technology Co., Ltd.",CN,,,,unknown,1,0,https://war-sanctions.gur.gov.ua/en/components,
maxlinear-inc-us,MaxLinear Inc,US,,,,unknown,1,0,https://war-sanctions.gur.gov.ua/en/components,
evatronix-hk-electronics-trade-inc-cn,Evatronix (HK) Electronics Trade Inc,CN,,,,unknown,1,0,https://war-sanctions.gur.gov.ua/en/components,
shenzhen-jinghao-capacitor-co-ltd-cn,"Shenzhen Jinghao Capacitor Co., Ltd.",CN,,,,unknown,1,0,https://war-sanctions.gur.gov.ua/en/components,
international-standard-cn,International standard,CN,,,,unknown,1,0,https://war-sanctions.gur.gov.ua/en/components,
elna-co-ltd-jp,Elna Co. Ltd,JP,,,,unknown,3,0,https://war-sanctions.gur.gov.ua/en/components,
yiyang-anxing-electronics-co-ltd-axboom-cn,"Yiyang Anxing Electronics Co., Ltd (AXBOOM)",CN,,,,unknown,1,0,https://war-sanctions.gur.gov.ua/en/components,
horng-jih-cable-wire-enterprise-co-ltd-cn,Horng Jih Cable Wire Enterprise Co Ltd,CN,,,,unknown,1,0,https://war-sanctions.gur.gov.ua/en/components,
ericco-inertial-system-cn,ERICCO INERTIAL SYSTEM,CN,,,,unknown,1,0,https://war-sanctions.gur.gov.ua/en/components,
hemisphere-gnss-us,Hemisphere GNSS,US,,,,unknown,4,0,https://war-sanctions.gur.gov.ua/en/components,
silicon-storage-technology-us,Silicon Storage Technology,US,,,,unknown,2,0,https://war-sanctions.gur.gov.ua/en/components,
jiaweicheng-electronics-cn,Jiaweicheng electronics,CN,,,,unknown,1,0,https://war-sanctions.gur.gov.ua/en/components,
vacuumschmelze-de,Vacuumschmelze,DE,,,,unknown,1,0,https://war-sanctions.gur.gov.ua/en/components,
shenzhen-woer-heat-shrinkable-material-cn,Shenzhen Woer Heat-shrinkable material,CN,,,,unknown,1,0,https://war-sanctions.gur.gov.ua/en/components,
delta-electronics-inc-tw,"Delta Electronics, Inc",TW,,,,unknown,4,0,https://war-sanctions.gur.gov.ua/en/components,
glenair-us,Glenair,US,,,,unknown,1,0,https://war-sanctions.gur.gov.ua/en/components,
ti-fluid-systems-unk,TI Fluid Systems,UNK,,,,unknown,1,0,https://war-sanctions.gur.gov.ua/en/components,
fag-kugelfischer-georg-schafer-ag-de,FAG Kugelfischer Georg Schafer AG,DE,,,,unknown,1,0,https://war-sanctions.gur.gov.ua/en/components,
nippon-thompson-jp,Nippon Thompson,JP,,,,unknown,1,0,https://war-sanctions.gur.gov.ua/en/components,
zomax-group-cn,ZOMAX Group,CN,,,,unknown,1,0,https://war-sanctions.gur.gov.ua/en/components,
walbro-us,Walbro,US,,,,unknown,1,0,https://war-sanctions.gur.gov.ua/en/components,
nak-tw,NAK,TW,,,,unknown,1,0,https://war-sanctions.gur.gov.ua/en/components,
wix-filters-us,WIX Filters,US,,,,unknown,1,0,https://war-sanctions.gur.gov.ua/en/components,
zhuzhou-torch-spark-plug-cn,Zhuzhou Torch Spark Plug,CN,,,,unknown,1,0,https://war-sanctions.gur.gov.ua/en/components,
vivotek-inc-tw,VIVOTEK INC.,TW,,,,unknown,1,0,https://war-sanctions.gur.gov.ua/en/components,
amic-technology-corporation-tw,AMIC Technology Corporation,TW,,,,unknown,1,0,https://war-sanctions.gur.gov.ua/en/components,
sirio-antenne-it,SIRIO Antenne,IT,,,,unknown,1,0,https://war-sanctions.gur.gov.ua/en/components,
mitsubishi-jp,Mitsubishi,JP,,,,unknown,6,0,https://war-sanctions.gur.gov.ua/en/components,
quartzcom-ch,QuartzCom,CH,,,,unknown,3,0,https://war-sanctions.gur.gov.ua/en/components,
new-jersey-semiconductor-products-inc-us,New Jersey Semiconductor Products Inc,US,,,,unknown,3,0,https://war-sanctions.gur.gov.ua/en/components,
ramtron-international-corporation-us,Ramtron International Corporation,US,,,,unknown,2,0,https://war-sanctions.gur.gov.ua/en/components,
aimtec-ca,AIMTEC,CA,,,,unknown,4,0,https://war-sanctions.gur.gov.ua/en/components,
uwb-tech-kr,UWB TECH,KR,,,,unknown,1,0,https://war-sanctions.gur.gov.ua/en/components,
coiltronics-eaton-us,Coiltronics (Eaton),US,,,,unknown,1,0,https://war-sanctions.gur.gov.ua/en/components,
picor-corporation-de,Picor Corporation,DE,,,,unknown,1,0,https://war-sanctions.gur.gov.ua/en/components,
power-integrations-us,Power Integrations,US,,,,unknown,1,0,https://war-sanctions.gur.gov.ua/en/components,
hytera-cn,Hytera,CN,,,,unknown,1,0,https://war-sanctions.gur.gov.ua/en/components,
nuvoton-technology-tw,Nuvoton Technology,TW,,,,unknown,1,0,https://war-sanctions.gur.gov.ua/en/components,
digital-voice-systems-inc-us,Digital Voice Systems Inc,US,,,,unknown,1,0,https://war-sanctions.gur.gov.ua/en/components,
ru,ООО АЭК,RU,,,,unknown,2,0,https://war-sanctions.gur.gov.ua/en/components,
advanced-technology-international-us,Advanced Technology International,US,,,,unknown,1,0,https://war-sanctions.gur.gov.ua/en/components,
bel-power-solutions-us,Bel Power Solutions,US,,,,unknown,2,0,https://war-sanctions.gur.gov.ua/en/components,
sawtek-inc-us,Sawtek Inc,US,,,,unknown,1,0,https://war-sanctions.gur.gov.ua/en/components,
semiconductor-components-industries-us,Semiconductor Components Industries,US,,,,unknown,3,0,https://war-sanctions.gur.gov.ua/en/components,
rudolf-freudenthaler-de,Rudolf Freudenthaler,DE,,,,unknown,1,0,https://war-sanctions.gur.gov.ua/en/components,
ru,АО ВНИИР-Прогресс,RU,,,,unknown,2,0,https://war-sanctions.gur.gov.ua/en/components,
quectel-cn,Quectel,CN,,,,unknown,1,0,https://war-sanctions.gur.gov.ua/en/components,
shenzhen-guanghaoming-technology-co-ltd-cn,"Shenzhen Guanghaoming Technology Co., LTD",CN,,,,unknown,1,0,https://war-sanctions.gur.gov.ua/en/components,
qingdao-thundsea-marine-technology-co-ltd-cn,"Qingdao Thundsea Marine Technology Co., Ltd",CN,,,,unknown,1,0,https://war-sanctions.gur.gov.ua/en/components,
exar-corporation-us,Exar Corporation,US,,,,unknown,4,0,https://war-sanctions.gur.gov.ua/en/components,
e-tech-electronics-ltd-cn,E-Tech Electronics LTD,CN,,,,unknown,2,0,https://war-sanctions.gur.gov.ua/en/components,
acam-messelectronic-gmbh-de,Acam Messelectronic GmbH,DE,,,,unknown,1,0,https://war-sanctions.gur.gov.ua/en/components,
omo-electronic-components-cn,OMO Electronic Components,CN,,,,unknown,1,0,https://war-sanctions.gur.gov.ua/en/components,
techwell-corporation-us,TechWell Corporation,US,,,,unknown,1,0,https://war-sanctions.gur.gov.ua/en/components,
eudyna-devices-us,Eudyna Devices,US,,,,unknown,1,0,https://war-sanctions.gur.gov.ua/en/components,
rotax-at,Rotax,AT,,,,unknown,1,0,https://war-sanctions.gur.gov.ua/en/components,
lg-kr,LG,KR,,,,unknown,3,0,https://war-sanctions.gur.gov.ua/en/components,
qst-corporation-cn,QST Corporation,CN,,,,unknown,1,0,https://war-sanctions.gur.gov.ua/en/components,
nicomatic-fr,NICOMATIC,FR,,,,unknown,1,0,https://war-sanctions.gur.gov.ua/en/components,
netzer-il,Netzer,IL,,,,unknown,1,0,https://war-sanctions.gur.gov.ua/en/components,
semiconductor-devices-il,SemiConductor Devices,IL,,,,unknown,1,0,https://war-sanctions.gur.gov.ua/en/components,
ru,ООО ИРЗ-СВЯЗЬ,RU,,,,unknown,2,0,https://war-sanctions.gur.gov.ua/en/components,
canon-jp,CANON,JP,,,,unknown,2,0,https://war-sanctions.gur.gov.ua/en/components,
saito-jp,Saito,JP,,,,unknown,4,0,https://war-sanctions.gur.gov.ua/en/components,
gumstrix-us,Gumstrix,US,,,,unknown,4,0,https://war-sanctions.gur.gov.ua/en/components,
visionhitech-co-ltd-kr,"Visionhitech Co., Ltd.",KR,,,,unknown,1,0,https://war-sanctions.gur.gov.ua/en/components,
flir-systems-inc-us,"FLIR Systems, Inc.",US,,,,unknown,1,0,https://war-sanctions.gur.gov.ua/en/components,
graupner-de,Graupner,DE,,,,unknown,1,0,https://war-sanctions.gur.gov.ua/en/components,
arwico-de,Arwico,DE,,,,unknown,1,0,https://war-sanctions.gur.gov.ua/en/components,
aero-naut-de,Aero Naut,DE,,,,unknown,1,0,https://war-sanctions.gur.gov.ua/en/components,
globalsat-worldcom-tw,GlobalSat WorldCom,TW,,,,unknown,1,0,https://war-sanctions.gur.gov.ua/en/components,
romantis-de,ROMANTIS,DE,,,,unknown,1,0,https://war-sanctions.gur.gov.ua/en/components,
inchange-semiconductor-cn,INCHANGE Semiconductor,CN,,,,unknown,2,0,https://war-sanctions.gur.gov.ua/en/components,
linak-dk,LINAK,DK,,,,unknown,1,0,https://war-sanctions.gur.gov.ua/en/components,
amplus-communication-sg,Amplus Communication,SG,,,,unknown,1,0,https://war-sanctions.gur.gov.ua/en/components,
new-japan-radio-jp,New Japan Radio,JP,,,,unknown,1,0,https://war-sanctions.gur.gov.ua/en/components,
cml-microcircuits-inc-us,"CML Microcircuits, Inc.",US,,,,unknown,1,0,https://war-sanctions.gur.gov.ua/en/components,
m-system-o-ltd-jp,"M-SYSTEM Сo.,Ltd",JP,,,,unknown,1,0,https://war-sanctions.gur.gov.ua/en/components,
jinyang-electronics-technology-limited-cn,JinYang Electronics Technology Limited,CN,,,,unknown,1,0,https://war-sanctions.gur.gov.ua/en/components,
electrostatic-sensitive-device-jp,Electrostatic sensitive device,JP,,,,unknown,1,0,https://war-sanctions.gur.gov.ua/en/components,
peak-lectronics-de,Peak Еlectronics,DE,,,,unknown,4,0,https://war-sanctions.gur.gov.ua/en/components,
microsemi-corporation-us,Microsemi Corporation,US,,,,unknown,1,0,https://war-sanctions.gur.gov.ua/en/components,
nic-components-corp-us,Nic Components Corp,US,,,,unknown,1,0,https://war-sanctions.gur.gov.ua/en/components,
quintech-us,Quintech,US,,,,unknown,1,0,https://war-sanctions.gur.gov.ua/en/components,
new-centress-tw,New Centress,TW,,,,unknown,1,0,https://war-sanctions.gur.gov.ua/en/components,
by,СКБ Запад,BY,,,,unknown,2,0,https://war-sanctions.gur.gov.ua/en/components,
ru,АО ДЕЛЬТА-С,RU,,,,unknown,2,0,https://war-sanctions.gur.gov.ua/en/components,
jurid-de,Jurid,DE,,,,unknown,2,0,https://war-sanctions.gur.gov.ua/en/components,
timoney-technology-limited-ie,Timoney Technology Limited,IE,,,,unknown,4,0,https://war-sanctions.gur.gov.ua/en/components,
texelis-fr,Texelis,FR,,,,unknown,2,0,https://war-sanctions.gur.gov.ua/en/components,
tirsan-kardan-campus-tr,Tirsan Kardan Campus,TR,,,,unknown,2,0,https://war-sanctions.gur.gov.ua/en/components,
westinghouse-air-brake-company-us,Westinghouse Air Brake Company,US,,,,unknown,6,0,https://war-sanctions.gur.gov.ua/en/components,
zf-lenksysteme-de,ZF Lenksysteme,DE,,,,unknown,2,0,https://war-sanctions.gur.gov.ua/en/components,
formula-industries-company-limited-th,Formula industries Company Limited,TH,,,,unknown,1,0,https://war-sanctions.gur.gov.ua/en/components,
knorr-bremse-ag-de,Knorr-Bremse AG,DE,,,,unknown,7,0,https://war-sanctions.gur.gov.ua/en/components,
dinex-exhaust-emission-technologies-dk,Dinex Exhaust&Emission Technologies,DK,,,,unknown,1,0,https://war-sanctions.gur.gov.ua/en/components,
borg-warner-turbo-systems-us,Borg Warner Turbo Systems,US,,,,unknown,2,0,https://war-sanctions.gur.gov.ua/en/components,
federal-mogul-corporation-us,Federal Mogul Corporation,US,,,,unknown,2,0,https://war-sanctions.gur.gov.ua/en/components,
gespasa-fluid-technology-es,Gespasa Fluid Technology,ES,,,,unknown,1,0,https://war-sanctions.gur.gov.ua/en/components,
comex-europe-it,Comex Europe,IT,,,,unknown,1,0,https://war-sanctions.gur.gov.ua/en/components,
by,ОАО Радиотехника,BY,,,,unknown,1,0,https://war-sanctions.gur.gov.ua/en/components,
donaldson-company-us,Donaldson Company,US,,,,unknown,1,0,https://war-sanctions.gur.gov.ua/en/components,
michelin-fr,Michelin,FR,,,,unknown,3,0,https://war-sanctions.gur.gov.ua/en/components,
zf-boge-elastmetall-gmbh-de,ZF Boge Elastmetall GmbH,DE,,,,unknown,1,0,https://war-sanctions.gur.gov.ua/en/components,
mann-filter-de,Mann-Filter,DE,,,,unknown,1,0,https://war-sanctions.gur.gov.ua/en/components,
plasan-sasa-ltd-il,Plasan Sasa Ltd,IL,,,,unknown,4,0,https://war-sanctions.gur.gov.ua/en/components,
securon-unk,SECURON,UNK,,,,unknown,2,0,https://war-sanctions.gur.gov.ua/en/components,
dana-spicer-italcardano-it,Dana Spicer Italcardano,IT,,,,unknown,1,0,https://war-sanctions.gur.gov.ua/en/components,
sepson-ab-se,Sepson AB,SE,,,,unknown,1,0,https://war-sanctions.gur.gov.ua/en/components,
rbc-schaublin-us,RBC - SCHAUBLIN,US,,,,unknown,2,0,https://war-sanctions.gur.gov.ua/en/components,
allison-transmission-us,Allison Transmission,US,,,,unknown,1,0,https://war-sanctions.gur.gov.ua/en/components,
vse-nl,VSE,NL,,,,unknown,2,0,https://war-sanctions.gur.gov.ua/en/components,
eberhard-manufacturing-company-de,Eberhard Manufacturing Company,DE,,,,unknown,1,0,https://war-sanctions.gur.gov.ua/en/components,
pommier-furgo-ar-srl-it,Pommier FurgoСar SRL,IT,,,,unknown,2,0,https://war-sanctions.gur.gov.ua/en/components,
camozzi-automation-s-p-a-it,Camozzi Automation S.P.A,IT,,,,unknown,1,0,https://war-sanctions.gur.gov.ua/en/components,
power-packer-nl,Power-Packer,NL,,,,unknown,1,0,https://war-sanctions.gur.gov.ua/en/components,
ru,АО Ремдизель,RU,,,,unknown,1,0,https://war-sanctions.gur.gov.ua/en/components,
cummins-us,Cummins,US,,,,unknown,4,0,https://war-sanctions.gur.gov.ua/en/components,
volvo-se,Volvo,SE,,,,unknown,1,0,https://war-sanctions.gur.gov.ua/en/components,
jiangsu-rixin-medical-equipment-co-ltd-cn,"Jiangsu Rixin Medical Equipment Co., Ltd.",CN,,,,unknown,1,0,https://war-sanctions.gur.gov.ua/en/components,
prestolite-electric-incorporated-us,Prestolite Electric Incorporated,US,,,,unknown,1,0,https://war-sanctions.gur.gov.ua/en/components,
zf-friedrichshafen-ag-de,ZF Friedrichshafen AG,DE,,,,unknown,4,0,https://war-sanctions.gur.gov.ua/en/components,
e-t-a-elektrotechnische-apparate-gmbh-de,E-T-A Elektrotechnische Apparate GmbH,DE,,,,unknown,1,0,https://war-sanctions.gur.gov.ua/en/components,
ufi-filters-spa-it,UFI Filters SpA,IT,,,,unknown,1,0,https://war-sanctions.gur.gov.ua/en/components,
williams-controls-us,Williams Controls,US,,,,unknown,1,0,https://war-sanctions.gur.gov.ua/en/components,
zf-sachs-ag-de,ZF Sachs AG,DE,,,,unknown,1,0,https://war-sanctions.gur.gov.ua/en/components,
ncr-us,NCR,US,,,,unknown,1,0,https://war-sanctions.gur.gov.ua/en/components,
meritek-us,MERITEK,US,,,,unknown,1,0,https://war-sanctions.gur.gov.ua/en/components,
teapo-tw,TEAPO,TW,,,,unknown,1,0,https://war-sanctions.gur.gov.ua/en/components,
powerstor-eaton-us,PowerStor (Eaton),US,,,,unknown,1,0,https://war-sanctions.gur.gov.ua/en/components,
ru,АО Шнейдер Электрик,RU,,,,unknown,1,0,https://war-sanctions.gur.gov.ua/en/components,
yea-shin-technology-co-ltd-cn,"Yea Shin Technology Co., Ltd",CN,,,,unknown,2,0,https://war-sanctions.gur.gov.ua/en/components,
chongqing-pingwei-enterprise-co-ltd-cn,"Chongqing Pingwei Enterprise co., Ltd",CN,,,,unknown,2,0,https://war-sanctions.gur.gov.ua/en/components,
nasayi-electronics-jp,Nasayi Electronics,JP,,,,unknown,1,0,https://war-sanctions.gur.gov.ua/en/components,
caddock-us,CADDOCK,US,,,,unknown,1,0,https://war-sanctions.gur.gov.ua/en/components,
nelson-us,Nelson,US,,,,unknown,1,0,https://war-sanctions.gur.gov.ua/en/components,
ru,НИТИ Авангард,RU,,,,unknown,1,0,https://war-sanctions.gur.gov.ua/en/components,
telpod-pl,Telpod,PL,,,,unknown,1,0,https://war-sanctions.gur.gov.ua/en/components,
controp-il,Controp,IL,,,,unknown,1,0,https://war-sanctions.gur.gov.ua/en/components,
ngk-jp,NGK,JP,,,,unknown,2,0,https://war-sanctions.gur.gov.ua/en/components,
all-irf-infineon-isc-cn,"All irf, Infineon Isc",CN,,,,unknown,1,0,https://war-sanctions.gur.gov.ua/en/components,
transcom-inc-tw,Transcom Inc,TW,,,,unknown,1,0,https://war-sanctions.gur.gov.ua/en/components,
bolymin-tw,Bolymin,TW,,,,unknown,2,0,https://war-sanctions.gur.gov.ua/en/components,
merrimac-industries-inc-us,Merrimac Industries Inc.,US,,,,unknown,6,0,https://war-sanctions.gur.gov.ua/en/components,
thales-fr,Thales,FR,,,,unknown,3,0,https://war-sanctions.gur.gov.ua/en/components,
xiamen-weigao-communication-electronic-technology-co-ltd-cn,"Xiamen Weigao Communication Electronic Technology Co., Ltd.",CN,,,,unknown,1,0,https://war-sanctions.gur.gov.ua/en/components,
souriau-fr,Souriau,FR,,,,unknown,1,0,https://war-sanctions.gur.gov.ua/en/components,
apem-fr,Apem,FR,,,,unknown,2,0,https://war-sanctions.gur.gov.ua/en/components,
micro-crystal-ag-ch,Micro Crystal AG,CH,,,,unknown,1,0,https://war-sanctions.gur.gov.ua/en/components,
lite-on-technology-corporation-tw,Lite-On Technology Corporation,TW,,,,unknown,1,0,https://war-sanctions.gur.gov.ua/en/components,
poccio-electronics-co-ltd-cn,"Poccio Electronics Co., Ltd",CN,,,,unknown,1,0,https://war-sanctions.gur.gov.ua/en/components,
hirose-electric-jp,HIROSE ELECTRIC,JP,,,,unknown,1,0,https://war-sanctions.gur.gov.ua/en/components,
ixemicon-kr,IXEMICON,KR,,,,unknown,1,0,https://war-sanctions.gur.gov.ua/en/components,
tyco-electronics-us,Tyco Electronics,US,,,,unknown,1,0,https://war-sanctions.gur.gov.ua/en/components,
consumer-microcircuits-limited-unk,Consumer Microcircuits Limited,UNK,,,,unknown,1,0,https://war-sanctions.gur.gov.ua/en/components,
lantronix-us,Lantronix,US,,,,unknown,1,0,https://war-sanctions.gur.gov.ua/en/components,
turnigy-hextronik-us,Turnigy (Hextronik),US,,,,unknown,1,0,https://war-sanctions.gur.gov.ua/en/components,
shenzhen-joy-battery-technology-co-cn,Shenzhen Joy Battery Technology Co.,CN,,,,unknown,1,0,https://war-sanctions.gur.gov.ua/en/components,
sirenza-microdevices-us,Sirenza Microdevices,US,,,,unknown,2,0,https://war-sanctions.gur.gov.ua/en/components,
taiwan-semiconductor-manufacturing-company-tw,Taiwan Semiconductor Manufacturing Company,TW,,,,unknown,2,0,https://war-sanctions.gur.gov.ua/en/components,
planar-systems-us,Planar Systems,US,,,,unknown,1,0,https://war-sanctions.gur.gov.ua/en/components,
3d-plus-us,3D plus,US,,,,unknown,1,0,https://war-sanctions.gur.gov.ua/en/components,
molex-electronics-ltd-us,Molex Electronics Ltd.,US,,,,unknown,1,0,https://war-sanctions.gur.gov.ua/en/components,
unitrode-texas-instruments-us,Unitrode (Texas Instruments),US,,,,unknown,1,0,https://war-sanctions.gur.gov.ua/en/components,
productwell-precision-elect-co-tw,Productwell Precision Elect. Co,TW,,,,unknown,1,0,https://war-sanctions.gur.gov.ua/en/components,
voltage-multipliers-inc-us,Voltage Multipliers Inc.,US,,,,unknown,1,0,https://war-sanctions.gur.gov.ua/en/components,
kodenshi-korea-corp-kr,KODENSHI KOREA CORP,KR,,,,unknown,1,0,https://war-sanctions.gur.gov.ua/en/components,
un-semiconductor-tw,UN Semiconductor,TW,,,,unknown,2,0,https://war-sanctions.gur.gov.ua/en/components,
ligitek-photovoltaic-co-ltd-tw,"Ligitek Photovoltaic Co., Ltd",TW,,,,unknown,1,0,https://war-sanctions.gur.gov.ua/en/components,
clare-inc-us,Clare Inc,US,,,,unknown,1,0,https://war-sanctions.gur.gov.ua/en/components,
real-support-electronic-co-ltd-cn,"Real Support Electronic Co., Ltd.",CN,,,,unknown,1,0,https://war-sanctions.gur.gov.ua/en/components,
iflight-ipower-cn,IFlight iPower,CN,,,,unknown,1,0,https://war-sanctions.gur.gov.ua/en/components,
deyuan-technology-cn,Deyuan Technology,CN,,,,unknown,1,0,https://war-sanctions.gur.gov.ua/en/components,
tcbworth-battery-company-cn,TCBWORTH Battery Company,CN,,,,unknown,1,0,https://war-sanctions.gur.gov.ua/en/components,
unk,ОКБ Фотон,UNK,,,,unknown,1,0,https://war-sanctions.gur.gov.ua/en/components,
hittite-microwave-corporation-us,Hittite Microwave Corporation,US,,,,unknown,2,0,https://war-sanctions.gur.gov.ua/en/components,
silex-technology-america-inc-us,"Silex technology America, inc.",US,,,,unknown,3,0,https://war-sanctions.gur.gov.ua/en/components,
ebmpapst-de,Ebmpapst,DE,,,,unknown,1,0,https://war-sanctions.gur.gov.ua/en/components,
c-k-fr,C&K,FR,,,,unknown,1,0,https://war-sanctions.gur.gov.ua/en/components,
kuwes-industry-corporaiton-tw,KUWES INDUSTRY CORPORAITON,TW,,,,unknown,1,0,https://war-sanctions.gur.gov.ua/en/components,
icom-jp,ICOM,JP,,,,unknown,4,0,https://war-sanctions.gur.gov.ua/en/components,
nlt-technologies-jp,NLT Technologies,JP,,,,unknown,1,0,https://war-sanctions.gur.gov.ua/en/components,
smart-modular-technologies-inc-us,"SMART Modular Technologies, Inc.",US,,,,unknown,1,0,https://war-sanctions.gur.gov.ua/en/components,
cirrus-logic-us,Cirrus Logic,US,,,,unknown,1,0,https://war-sanctions.gur.gov.ua/en/components,
crystal-semiconductor-us,Crystal Semiconductor,US,,,,unknown,1,0,https://war-sanctions.gur.gov.ua/en/components,
silicon-motion-tw,Silicon motion,TW,,,,unknown,1,0,https://war-sanctions.gur.gov.ua/en/components,
pmc-sierra-us,PMC-Sierra,US,,,,unknown,1,0,https://war-sanctions.gur.gov.ua/en/components,
txc-corporation-tw,TXC Corporation,TW,,,,unknown,2,0,https://war-sanctions.gur.gov.ua/en/components,
pyfi-technologies-us,PYFI technologies,US,,,,unknown,2,0,https://war-sanctions.gur.gov.ua/en/components,
anytek-technology-corporation-ltd-tw,Anytek Technology Corporation Ltd,TW,,,,unknown,1,0,https://war-sanctions.gur.gov.ua/en/components,
heico-company-us,HEICO Company,US,,,,unknown,1,0,https://war-sanctions.gur.gov.ua/en/components,
catalyst-semiconductor-us,Catalyst Semiconductor,US,,,,unknown,1,0,https://war-sanctions.gur.gov.ua/en/components,
ic-haus-gmbh-de,IC Haus GmbH,DE,,,,unknown,1,0,https://war-sanctions.gur.gov.ua/en/components,
lippert-by-adlink-tw,LiPPERT by ADLINK,TW,,,,unknown,1,0,https://war-sanctions.gur.gov.ua/en/components,
brushless-fan-cn,Brushless fan,CN,,,,unknown,1,0,https://war-sanctions.gur.gov.ua/en/components,
mercury-us,Mercury,US,,,,unknown,1,0,https://war-sanctions.gur.gov.ua/en/components,
token-electronics-industry-co-tw,Token Electronics Industry Co,TW,,,,unknown,316,0,https://war-sanctions.gur.gov.ua/en/components,
